Name,Price,Rating
VEROX Universal Waterproof Mobile,₹199,3.4 out of 5 stars
TheGiftKart Ultra-Hybrid Crystal Clear Back Case,₹379,4.7 out of 5 stars
Enflamo Soft TPU 3D Relief Flower Printed,₹299,4.1 out of 5 stars
PULOKA Multi Functional Holster Pouch for Mobile (PU Leather | Brown),₹899,3.7 out of 5 stars
Foso Crystal Clear Back,₹349,4.5 out of 5 stars
Designerz Hub® Nothing,₹299,4.3 out of 5 stars
TheGiftKart Shockproof Crystal Clear Back,₹284,4.1 out of 5 stars
TEEKAOO Silicone Back,₹499,3.6 out of 5 stars
Amozo Designed for Nothing,₹499,4.5 out of 5 stars
RIGGEAR Clear Hybrid Transparent Back,₹379,4.2 out of 5 stars
Amazon Brand - Solimo Mobile,₹299,4.3 out of 5 stars
Amazon Brand - Solimo Mobile,₹299,4.3 out of 5 stars
Amazon Brand - Solimo Silicone Mobile,₹299,4.3 out of 5 stars
Amazon Brand - Solimo Soft & Flexible Back,₹89,4.3 out of 5 stars
Amazon Brand - Solimo Rubber Soft & Flexible Back,₹119,4.0 out of 5 stars
Amazon Brand - Solimo Polycarbonate Back,₹139,4.0 out of 5 stars
Amazon Brand - Solimo Silicone Mobile,₹299,4.5 out of 5 stars
Amazon Brand - Solimo Silicone Back,₹139,4.1 out of 5 stars
Amazon Brand - Solimo Polycarbonate Soft & Flexible Back,₹139,4.0 out of 5 stars
Pikkme Nothing,₹299,4.5 out of 5 stars
RIGGEAR Shockproof Sleek Hybrid Armor Nothing,₹378,3.9 out of 5 stars
Amozo Ultra Hybrid Camera and Drop Protection Back,₹284,4.2 out of 5 stars
Amazon Brand - Solimo Plastic Designer Head,₹199,3.4 out of 5 stars
Amazon Brand - Solimo Silicone Back,₹139,4.1 out of 5 stars
TheGiftKart Ultra-Hybrid Crystal Clear Back Case,₹369,4.4 out of 5 stars
CEDO Samsung M31 / F41 / M31 Prime Back,₹149,4.2 out of 5 stars
PULOKA PU Leather Mobile Pouch for Men | Multipurpose Rugged Holster Travel Pouch | Compatible with All Smartphone up to 6.9-inches - Black,₹899,3.8 out of 5 stars
